defect_type,n_images,n_correct,correct_rate,false_positives,false_negatives,score_min,score_mean,score_max
broken_large,20,20,1.0,0,0,0.8787697553634644,0.9842438787221909,1.0
broken_small,22,22,1.0,0,0,0.7304500341415405,0.9465498409487985,1.0
contamination,21,20,0.9523809523809523,0,1,0.5,0.8024633470035735,1.0
good,20,19,0.95,1,0,0.362182468175888,0.4132613241672516,0.5243843793869019
